source,date,week,rating,title,text,theme_label
Play Store,2026-09-19,2026-W38,4,,"it's èasy ,user friendly and it's charges are costly.","Charges, Statements & Support"
Play Store,2026-09-19,2026-W38,1,,यह बहुत ही खराब है फालतू के चार्ज बहुत ज्यादा लगती है कमोडिटी ट्रेन में कई बार मेरे पैसे को ब्लॉक किया है पहले अच्छा था मैं 5 साल से use कर रहा हूं लेकिन आप बहुत ही खराब हो गया है,Unthemed
Play Store,2026-09-18,2026-W38,1,,the ui is getting clumsy witb each feature and business update.,App Performance & UX
Play Store,2026-09-18,2026-W38,5,,when you guys will make it better for ipad users?,App Performance & UX
Play Store,2026-09-18,2026-W38,1,,Glitch full App,App Performance & UX
Play Store,2026-09-18,2026-W38,1,,Doesn't have enough support agent to solve any queries.,"Charges, Statements & Support"
Play Store,2026-09-18,2026-W38,1,,customer service is terrible they will never receive the call and will never reply you back in chat. I faced this multiple times.,"Charges, Statements & Support"
Play Store,2026-09-18,2026-W38,1,,very disappointed with the customer care service. my f&o positions suddenly showing 13 lakhs negative and even stopped showing current positions. unable contact customer support over call or chat. very worst service. don't trust any more,"Charges, Statements & Support"
Play Store,2026-09-18,2026-W38,5,,I have a suggestion that Mobile number change karne ke liye bina login ke bhi online koi option hona chahiye,Onboarding & KYC
Play Store,2026-09-18,2026-W38,1,,my money isnt settled from yesterday no email reply no call receive using it from 4 years better to quit,Payments & Withdrawals
Play Store,2026-09-18,2026-W38,1,,Don't install it. It is useless because you save your money for growth and investment purposes as well as timely needs indeed but the problem is your money you can't use when you need then why we use groww app. If I can't withdraw the amount from my wallet then why do I choose It. It deserves zero star.,Payments & Withdrawals
Play Store,2026-09-18,2026-W38,5,,good 😊,Unthemed
Play Store,2026-09-17,2026-W38,1,,"groww app F and O always struck, glitches,slow moments very bad, very worst app always lag",App Performance & UX
Play Store,2026-09-17,2026-W38,1,,Bahut hidden charges lagate hai... alag alag reason se charges cut karte hai... customer support achcha nahi hai bahut late response karta hai...,"Charges, Statements & Support"
Play Store,2026-09-17,2026-W38,1,,"I have been using Groww for around 5 years, and based on my overall experience, I believe the app is quite good for investing in shares and market analysis. However, [name] 1 star because of my recent experience with customer support. Despite being a long-time user, I was disappointed with the way my issue was handled and the support I received. For F&O trading, I also feel Groww is not very suitable due to higher brokerage charges and issues related to auto square-off/auto-sequencing. So,","Charges, Statements & Support"
Play Store,2026-09-17,2026-W38,2,,"Absolutely useless update loop😠 [name] with this app. Every single time you push an update, all of my technical indicators and chart setups (RSI, MACD, Moving Averages) are completely wiped out! It is infuriating to have to manually re-configure and re-apply my entire technical analysis layout every couple of weeks just because of a basic app update.",Orders & Investing
Play Store,2026-09-17,2026-W38,5,,mind blowing for trade,Orders & Investing
App Store,2026-09-17,2026-W38,5,Easy,Useful and Helpful Comfort 💯✅ Trusted 💯 Trustworthy& easy,Unthemed
Play Store,2026-09-16,2026-W38,1,,"ये लोग brokrege charge कितना काट ना है वो तो बताएगै लेकिन, DP charge ,CDSL DP charge, exchange ट्रांजेक्शन चार्ज कितना कटना है, वो कभी नही बताया जायेगा ।","Charges, Statements & Support"
Play Store,2026-09-16,2026-W38,5,,"If the name has already been updated on the PAN card, the updated details should ideally be fetched and updated automatically in the system. Why do we have to fill out a separate form and submit documents again? This makes the process unnecessarily lengthy and inconvenient for the user.",Onboarding & KYC
Play Store,2026-09-16,2026-W38,5,,profit,Orders & Investing
Play Store,2026-09-16,2026-W38,4,,"Thanks for adding the account switch feature. But there is one more thing you should do this this account settings like chart, sorting for share should not reset when account is switched Dear Groww Tea, [name] you please ad an option in this app to switch account as of now every time I need to logout and again login this will reset all chart settings. so add a feature that just one click switch account and all settings remaining same for a user if he handle their family account.",Orders & Investing
Play Store,2026-09-16,2026-W38,1,,"money transfer is too low, takes too long irritate",Payments & Withdrawals
Play Store,2026-09-16,2026-W38,5,,good,Unthemed
Play Store,2026-09-16,2026-W38,5,,good app,Unthemed
Play Store,2026-09-15,2026-W38,1,,Annoying loan offers and useless notifications,App Performance & UX
Play Store,2026-09-15,2026-W38,5,,bahut hi acha app lga investment ke liye,Orders & Investing
Play Store,2026-09-15,2026-W38,5,,upi Autopay లొ revoked notification వస్తె బాగుంటుంది,Payments & Withdrawals
Play Store,2026-09-14,2026-W38,1,,Bad Experience. couldn't set up. they show PAN Number is wrong. but I put the correct number. 3rd class app.,Onboarding & KYC
Play Store,2026-09-14,2026-W38,1,,i like this app and it's feature only I don't like one thing which is need account reactivate with the document of 12 digit AADHAR. according to my point of view it is not necessary only need active bank account. govt never said that if want do trading or explore with any online trading app u must provide AADHAR. it is not the gud thing it's a privacy concern.,Onboarding & KYC
Play Store,2026-09-14,2026-W38,5,,easy login and faster to create sip in less than 1 minute,Onboarding & KYC
Play Store,2026-09-14,2026-W38,1,,"3rd class broker, my trading account showing blocked, not able to trade or do anything, all segment showing active i connect multiple time with support but nothing fixed by support, i filled teraform 20 time account still blocked.",Payments & Withdrawals
Play Store,2026-09-14,2026-W38,5,,this app is very good 👍,Unthemed
Play Store,2026-09-13,2026-W37,1,,"FUNDS NOT SAFE..CHECK YOUR FUNDS AND ORDER EVERYDAY..LOOSE LOT OF MONEY N NO HELP BUT GROWW BLAME US. WRONG INFO. GIVEN. BIG CHEAT. Even Mutual Funds, price shows 11% increase and when you Redeem, it shows 11% loss. Check price of LIC MF GOLD ETF( 10/08/25,showing 11% increase but actually it is -11% decrease when you redeem). Agents and Supervisors says computer glitch. Customer's looses heavyly in Groww.",Payments & Withdrawals
Play Store,2026-09-13,2026-W37,5,,good👍,Unthemed
Play Store,2026-09-12,2026-W37,5,,simplest KYC,Onboarding & KYC
Play Store,2026-09-12,2026-W37,1,,Worst experience! Groww needs brokerage only even in customer loss.,Orders & Investing
Play Store,2026-09-11,2026-W37,1,,so much ads stop sending it,App Performance & UX
App Store,2026-09-11,2026-W37,2,Flat 5 rs new Extra Charge,Flat 5 rs new Extra Charge for every stock purchase,"Charges, Statements & Support"
Play Store,2026-09-11,2026-W37,3,,user friendly.. But Brokerage charges are too high. If monthly package means could be better for F&O,"Charges, Statements & Support"
App Store,2026-09-11,2026-W37,1,Needs improvement and customer friendly,Such a useless kyc system.,Onboarding & KYC
App Store,2026-09-11,2026-W37,5,review,"abe laude , macchar ki jhaant, bar bar review mangna band kar madarchooodddd, paise toh ulta minus mai chal rha h , kya lund review du tereko , bhaaaak maaaaaaadarchoood",Payments & Withdrawals
Play Store,2026-09-11,2026-W37,5,,bahut badhiya hai,Unthemed
Play Store,2026-09-10,2026-W37,1,,bad service and app refresh time too hang every time my self 😞 one i saw my profit 1.3k up after few minutes then I it's zero oo but Everytime frees automatic update not working.,App Performance & UX
Play Store,2026-09-10,2026-W37,1,,higher charges,"Charges, Statements & Support"
Play Store,2026-09-10,2026-W37,1,,itne bade Wale chore frauds scamsters or thieves ho ap log k kya hi batau ..? tum log external charges k naam par... itni chori krte ho na k kya hi btau...??? mere chote se profit pe bhi 600₹ external tax k naam par kar liya tum logon ne... tabhi toh tum badi badi posts walo k bache tedhe medhe or handicapped ya apang paida hote h... jab shraap lete ho Brahmins ka tum log...🥺,"Charges, Statements & Support"
Play Store,2026-09-10,2026-W37,1,,its very wrong you are asking pan details to use the app. What do those people will do who want to watch market details and don't have pan or dont want to create account with groww The problem is that app automatically closes when you dont have entered your details ticket no [id],Onboarding & KYC
Play Store,2026-09-10,2026-W37,5,,It's my first experience investing via Groww and expect better opportunities in the future. Let's see what the future holds!,Orders & Investing
Play Store,2026-09-09,2026-W37,1,,Worst application for trading,App Performance & UX
Play Store,2026-09-09,2026-W37,5,,excellent customer service,"Charges, Statements & Support"
Play Store,2026-09-09,2026-W37,2,,Groww has very poor customer support and always busy customer staff they don't listen so it is better to change your broker I just mailed them today to send me exit formalities I was a member from 4 years and tested it all way,"Charges, Statements & Support"
Play Store,2026-09-09,2026-W37,4,,"Needs to work on more filters and UI list to help investors to pick the right stock of their interest like other apps. For muslim to find Sharia Compliant stock , similar to a Jain they need Satvik filter or if we need to pick some stock which have 1.Low Debt to Asset , 2.High Profit margin stock 3.Latest trending AI, Semiconductor, Energy for Data center * Can we Add Debt to Asset for Manufacturing/Infra Company * Debt to 12 Month Avg Market Valuation ratio for Service based companies.",Orders & Investing
Play Store,2026-09-09,2026-W37,4,,"I've been using this app for two years. Everything's working fine, but its processing speed is very slow and needs some adjustments. Whenever I want to redeem money, it takes five days for the money to be credited. Change this a bit, Groove! Only then can you increase your customer base. Reduce the redemption time from five days to two days.",Payments & Withdrawals
Play Store,2026-09-09,2026-W37,5,,easy interface and instantly withdrawal,Payments & Withdrawals
App Store,2026-09-08,2026-W37,5,Latest and best app!!,"Excellent app; well designed UI, seamless functionalities.",App Performance & UX
App Store,2026-09-08,2026-W37,4,Good,Nice but make it for IPad as well,App Performance & UX
App Store,2026-09-08,2026-W37,1,Grow,Lost almost 5lakh in charges,"Charges, Statements & Support"
App Store,2026-09-08,2026-W37,5,Demat account,Best among all,Onboarding & KYC
Play Store,2026-09-08,2026-W37,1,,Unable to log in for the last few days. It keeps showing: “Your journey reset is in progress. Try again.” Please fix this issue.,Onboarding & KYC
Play Store,2026-09-08,2026-W37,3,,good application for stocks market,Orders & Investing
Play Store,2026-09-08,2026-W37,5,,very easy,Unthemed
Play Store,2026-09-07,2026-W37,1,,"why you guys remove the back button, when we entered the candle stick screen",App Performance & UX
Play Store,2026-09-07,2026-W37,1,,customer support is very bad . Human agents are not replying in chat and there is a very large time of waiting to connect to human on call and there is no option of call back,"Charges, Statements & Support"
Play Store,2026-09-07,2026-W37,1,,"Indians usually use initials in aadhar & full name in pan..aadhar and pan linked successfully with IT dept, then what is the problem with your server says name mismatch in aadhar and pan. so, i opened account in Angel one through online which was hassle free..I also have in IIFL & kite. update your server to accept the minor variation in initials & expansions in names. However, i cant update aadhar anymore its a time waste process as it will cause lot of problems which linked to other accounts.",Onboarding & KYC
Play Store,2026-09-07,2026-W37,4,,good platform for investment,Orders & Investing
App Store,2026-09-07,2026-W37,5,Good,Good one,Unthemed
Play Store,2026-09-07,2026-W37,4,,site not so fast,Unthemed
Play Store,2026-09-07,2026-W37,4,,graow credit 👌,Unthemed
Play Store,2026-09-06,2026-W36,5,,superb,Unthemed
Play Store,2026-09-05,2026-W36,1,,You are the biggest app of India but service is worst. Chart is not loading on different time frame on app and in PC too. kindly work on thisat the earliest .,App Performance & UX
App Store,2026-09-05,2026-W36,2,BAD EXPERIENCE,Very BAD Experience as it is not optimised for Tablets and iPad view like other brokers,App Performance & UX
Play Store,2026-09-05,2026-W36,5,,"easy console, minimum brokerage and 24/7 customer care service.. [name] who has been a consistent customer of Groww for the last 6 years and still a lot more to go.","Charges, Statements & Support"
Play Store,2026-09-05,2026-W36,5,,"Clean and intuitive interface. Investing in stocks and mutual funds is smooth, fast, and hassle-free. Great app for both beginners and experienced investors!",Orders & Investing
Play Store,2026-09-05,2026-W36,5,,best app after trading view,Orders & Investing
Play Store,2026-09-04,2026-W36,1,,Please do not use this app. The customer support is not active all responsive.,"Charges, Statements & Support"
App Store,2026-09-04,2026-W36,1,SIP Activation not working,"hello Groww team, I wanted to inform you that. I’m using this application from last 3 years for sip management. but now new sip activation is not working properly, I have tried my all possibilities to activate sip please check this issue asap and improve this flow. the issue is: when I click on sip activate autopay - with my phonepe or googlepay upi it shows something went wrong, and inside groww upi it shows no upi is activated please activate - i dont want to activate. suggestion: use less vibe coding and proper feature improvement thanks! previous version was far better than this.",Onboarding & KYC
Play Store,2026-09-04,2026-W36,5,,I don't use other demat account,Onboarding & KYC
Play Store,2026-09-04,2026-W36,5,,good for trading,Orders & Investing
Play Store,2026-09-04,2026-W36,5,,i think this app India's 🇮🇳 number 1....aap for trading 💐,Orders & Investing
App Store,2026-09-04,2026-W36,5,Well Platform,Good In View And Study Easy In Diposit And Withdraw Amount,Payments & Withdrawals
Play Store,2026-09-04,2026-W36,1,,bad App,Unthemed
Play Store,2026-09-03,2026-W36,1,,Scalper mode me split screen me index ka chart Move nhi krta hai bs premium ka move krta ye kya glitch hai esko sudharo groww team wale,App Performance & UX
Play Store,2026-09-03,2026-W36,1,,"The customer care team is highly unprofessional. Employees like Ansh Agarwal constantly mute and disconnect calls ! Even after sending several emails with proof, the Groww managers/management take absolutely no action. They are clearly biased and protect their staff instead of helping their loyal customers who pay for their services ! Extremely DISAPPOINTING and HUMILIATING experience !! Now they'll immediately respond here asking to write to [email] BUT NOTHING HAPPENS !!","Charges, Statements & Support"
Play Store,2026-09-03,2026-W36,2,,I requested to change minor correction in Demat opening and Aadhar card and PANCARD. The entire process online. Now all Mutual fund houses are going online demat account opening. CERSAI KYC identifier 14 digit column not inserted backend form designers. It avoids prospective clients the trouble of scanning PAN CARD AND Aadhar CARD uploading. Still insisting physical xerox copies to be sent through courier. They routinely reply.,Onboarding & KYC
Play Store,2026-09-03,2026-W36,3,,the app is good to use but one thing is very annoying that when you are in trade you can't setup sl and target same on the chart.,Orders & Investing
Play Store,2026-09-03,2026-W36,1,,Whenever you take trade even if you are correct they will show you in loss. Also when you profit they give you less amount. Soon this app will be a complete loss and shutdown soon.,Orders & Investing
Play Store,2026-09-03,2026-W36,3,,new updated system is creating some issue as [name]. F&FO scalping option are coming under the chart when opening in trading view chart and back button is getting auto invisible but while getting back many time scalping option is getting clicked and auto changing to grow chart. it should be resolved as this issue was not in previous update.,Orders & Investing
Play Store,2026-09-03,2026-W36,5,,good app,Unthemed
Play Store,2026-09-03,2026-W36,5,,install Install app and use it for sometime,Unthemed
Play Store,2026-09-02,2026-W36,1,,last update ui is wrost please remove scalper mode on bottom,App Performance & UX
Play Store,2026-09-02,2026-W36,1,,scalper button mobile ke back button me hi he to back karte time bar bar scalper button touch ho jata he. disturb hote he,App Performance & UX
Play Store,2026-09-02,2026-W36,1,,it is worst app my inside money gone and I see it shows minus literally if anyone download these app please see the my comments then you download and invest,App Performance & UX
Play Store,2026-09-02,2026-W36,3,,high charges,"Charges, Statements & Support"
Play Store,2026-09-02,2026-W36,5,,registration completed!,Onboarding & KYC
Play Store,2026-09-02,2026-W36,5,,Complete your KYC & Esign Process 34.1k Coin 1.Click on the link below. 2.Download the App. 3.Register on the App via mobile number present in your device. 4. Complete your KYC & Esign Process to claim this reward. 5.Open Demat Account. 6.Buy stocks worth Rs.50 to claim this reward. ( Mandatory ) Note: Buying stock is compulsory to receive cashback.,Onboarding & KYC
Play Store,2026-09-02,2026-W36,1,,sir...dusre demat app me login ke liye only mobile no. use hota hai... Or apki app me email id compulsory salana pdta hai... fir pasward vera dlana padta... bahut dikkat hoti hai..... ap ak bar upstok or angle app khol ke dekh to kitna easy login hota hai..... apki app me ye bahut bdi dikkat hai... isko sudharo. . .. Or demo dekhna ho to upstok me logi kr ke dekh lo,Onboarding & KYC
Play Store,2026-09-02,2026-W36,5,,very nice. chart,Orders & Investing
Play Store,2026-09-01,2026-W36,5,,best UI,App Performance & UX
Play Store,2026-09-01,2026-W36,5,,"Funds not loading quickly after latest update Login problem, on website and app, please look into it (since update)",App Performance & UX
Play Store,2026-09-01,2026-W36,1,,worst experience... trying to reach the customer care to resolve my issue...but couldn't reach...no reply to email and didn't pick up the customer care call....waiting since friday,"Charges, Statements & Support"
Play Store,2026-09-01,2026-W36,3,,"Once MF orders are added into cart, No option to access cart and process payment for all orders at once",Orders & Investing
Play Store,2026-09-01,2026-W36,1,,mere paise gayab ho jaata hai kaisa app hai 14000 tha 6000 hi dikha raha hai kaisa app hai ye,Payments & Withdrawals
Play Store,2026-08-31,2026-W36,1,,The app keeps crashing continuously after the recent update. Kindly fix that!,App Performance & UX
Play Store,2026-08-31,2026-W36,5,,Love the UI and design! It's simple to understand having all functionalities a trader should need! My only Investment app for future 😊,App Performance & UX
Play Store,2026-08-31,2026-W36,1,,"worst app, even after successfully approving the ipo mandate, the status on groww is not updating.",App Performance & UX
Play Store,2026-08-31,2026-W36,1,,It's been a week since I requested to close my Demat account but there has been no response.,Onboarding & KYC
Play Store,2026-08-31,2026-W36,5,,Excellent,Unthemed
Play Store,2026-08-30,2026-W35,1,,very slow,App Performance & UX
Play Store,2026-08-30,2026-W35,1,,Day by Day charges badhate ja rhe h..,"Charges, Statements & Support"
Play Store,2026-08-30,2026-W35,5,,"good service , can I buy your groww own share it's good for wealth",Orders & Investing
Play Store,2026-08-30,2026-W35,1,,"when I open the chart most of the space is blocked by the terminal, etc chart space is very small also when you open the chart full screen the buy and sell button is not working.",Orders & Investing
Play Store,2026-08-30,2026-W35,4,,good UI and user friendly but needs improvement in charts part,Orders & Investing
Play Store,2026-08-30,2026-W35,1,,slow and cahrt sticks while going from one share to another,Orders & Investing
Play Store,2026-08-30,2026-W35,3,,Good trading,Orders & Investing
Play Store,2026-08-30,2026-W35,5,,good experience,Unthemed
Play Store,2026-08-30,2026-W35,4,,"nice app, but they may think about their brokkerages.... it's to higher than others",Unthemed
Play Store,2026-08-29,2026-W35,5,,Let's Growwwww Together❤️,Unthemed
Play Store,2026-08-28,2026-W35,3,,"Very long process to close position partially it should like sahi, lemmon using opposite button in scalper button.",App Performance & UX
Play Store,2026-08-28,2026-W35,1,,I have applied for a demat account opening on 12th August but till date it is not opened. Every time customer care gives a new date for resolution. Not happy with the service.,Onboarding & KYC
Play Store,2026-08-28,2026-W35,1,,"worst app for trading, never use this. I can't close my demat account easily. their team is not respond on time.",Onboarding & KYC
Play Store,2026-08-28,2026-W35,4,,ABHI ABHI JO UPDATE HUVA HAI GALAT HUVA HAI CANDLE CHART ME BUY KARTE TIME QUANTITY PLUS KATTE TIME BUY KA BUTTON BAJU ME HI RAKHA GAYA HAI PEHLE NICHE THA BUY KA BUTTON ABHI THIDA PROBLEM AA RAHA HAI *PLEASE CHANGE*,Orders & Investing
Play Store,2026-08-27,2026-W35,5,,"Re: best UX Love the app. Best for beginners rather than Zerodha, Upstox. Main reason being no maintenance charges and better UI. But there's an issue for people who have been in the market for a long time. 1) No way for in depth research. For eg. Indicators don't work properly in the app. Need better UI for research in it.",App Performance & UX
Play Store,2026-08-27,2026-W35,1,,"for contact customer care waited more than 15min. then also not connected and tried 3 times. still not connected, oder delivered at 9:15 am with more than targetted price","Charges, Statements & Support"
Play Store,2026-08-27,2026-W35,1,,"Pathetic Customer Support ​Absolutely frustrating customer service experience. The IVR initially stated a 5-minute wait time, but I was kept on hold for over 20 minutes with zero progress and repetitive, unhelpful automated responses. For a financial investment platform where timely resolution is critical, this level of support is unacceptable. Extremely disappointed with Groww's service.","Charges, Statements & Support"
Play Store,2026-08-27,2026-W35,3,,there is a problem [name] any message as sms or in upi when I withdraw the money please fix it immediately.,Payments & Withdrawals
Play Store,2026-08-27,2026-W35,5,,this platform so easy good,Unthemed
Play Store,2026-08-27,2026-W35,5,,structure to understand very easy for beginners too compare to other,Unthemed
Play Store,2026-08-27,2026-W35,5,,great,Unthemed
Play Store,2026-08-27,2026-W35,5,,Best For Beginners And Easy Interface. Great I've Been Using 5 years.,Unthemed
Play Store,2026-08-26,2026-W35,1,,new update sucks. the navigation buttons are auto hiding while Opening the charts in mobile creating a lot of irritation.,App Performance & UX
Play Store,2026-08-26,2026-W35,3,,IN TABLET WHY THE APP DOESNT TURN IN HORIZONTAL DIRECTION.. PLEASE RESOLVE THIS.,App Performance & UX
Play Store,2026-08-26,2026-W35,1,,charges very High,"Charges, Statements & Support"
Play Store,2026-08-26,2026-W35,3,,SL me support kar sakte hai,"Charges, Statements & Support"
Play Store,2026-08-26,2026-W35,5,,"please offer and update the Groww app & Groww Credit Personal loan offer enabled,[name] request for you.every time and every month I have to pay before EMI and due payment. please update and do the needful urgently. Regards",Payments & Withdrawals
Play Store,2026-08-26,2026-W35,1,,It's taking too much to settle an account. Yesterday my trade is over and now [name] trade because my account is not settled. Very slow services. it's losses Grow also. [name] changing the broker. There are so many brokers who given immediate trade. Thank you,Payments & Withdrawals
Play Store,2026-08-26,2026-W35,5,,one of the best app,Unthemed
Play Store,2026-08-26,2026-W35,5,,very good and very nice groww app,Unthemed
Play Store,2026-08-25,2026-W35,5,,"Awosome groww had lots of problems *Main issues people are facing:* - App not opening / login failed during market hours - showed ""We are facing temporary problem, please try again later"" - Orders getting rejected even with balance, Demat balance not showing.",Onboarding & KYC
Play Store,2026-08-25,2026-W35,2,,i can't login to my primary account,Onboarding & KYC
Play Store,2026-08-25,2026-W35,4,,add one click delivery trade exit just like zerodha,Orders & Investing
Play Store,2026-08-25,2026-W35,5,,put some videos of trading for public,Orders & Investing
Play Store,2026-08-25,2026-W35,1,,"In logon ne mera 3,000 rupee broker me atkaya hua hai ye log na to mera F&O activate kr rahe hain aur na hi mera paisa withdrawal de rahe hain. aur customer care walon se connect hona chaho to 15min wait kro call connect hone ka 😭😭 mera 3000 pada hua hai mai kya kru na to usse trade kr paa raha hu na hi withdrawal kr paa raha hu aaj mummy se baat krne ke liye bole hain agr baat krne ke baad bhi nhi return krenge paisa to mai suiside laga lunga Aaj 😭",Payments & Withdrawals
Play Store,2026-08-24,2026-W35,1,,"Call support very bad, I did 10 minutes call, did not pic my call.","Charges, Statements & Support"
Play Store,2026-08-24,2026-W35,1,,I can't log in the app. it's struck in allow permission page. I gave all permission but it didn't went through. worst customer AI service,Onboarding & KYC
Play Store,2026-08-24,2026-W35,1,,ipo payment status not proper reflect and customer call not answer please customer not use this app,Payments & Withdrawals
Play Store,2026-08-24,2026-W35,1,,"⭐ 1 Star Worst experience with Groww. IPO apply करने के बाद UPI Mandate Request तुरंत नहीं आती और इसी delay की वजह से मेरा IPO miss हो गया। Customer समय पर apply करे और system की देरी से IPO छूट जाए, इससे ज्यादा frustrating क्या हो सकता है? IPO Apply करते ही UPI Mandate Request तुरंत भेजनी चाहिए। Please fix this!",Payments & Withdrawals
Play Store,2026-08-24,2026-W35,1,,"⭐ 1 Star IPO Apply करने के बाद UPI Mandate Request तुरंत आनी चाहिए। अभी IPO select करके UPI ID डालने के बाद Mandate Request कभी भी 24 घंटे के अंदर आती है, जिससे काफी delay हो जाता है। मेरा सुझाव है कि जैसे ही कोई customer IPO Apply करे और UPI ID link करे, उसी समय तुरंत UPI Mandate Request भेजी जाए, ताकि customer उसी समय एक click में mandate accept करके IPO application complete कर सके। इस delay की वजह से मेरा एक अच्छा IPO apply नहीं हो पाया और मेरे हाथ से मौका निकल गया। कृपया UPI Mandate proc",Payments & Withdrawals
Play Store,2026-08-24,2026-W35,1,,"⭐ 1 Star बहुत खराब अनुभव। IPO समय पर Apply करने के बाद UPI Mandate तुरंत नहीं आता, बल्कि कभी भी 24 घंटे के अंदर आता है। IPO जैसी time-sensitive चीज में यह delay बहुत बड़ी समस्या है। मेरी गलती नहीं थी, फिर भी UPI Mandate समय पर नहीं आने की वजह से मेरा एक अच्छा IPO हाथ से निकल गया। Groww को समझना चाहिए कि ग्राहक अपना पैसा और समय भरोसे से लगाता है। अगर आपकी system delay की वजह से उसका IPO miss हो जाए, तो उस नुकसान की जिम्मेदारी कौन लेगा? IPO Apply करते ही उसी समय UPI Mandate Request भेजनी चाहिए",Payments & Withdrawals
Play Store,2026-08-24,2026-W35,1,,"3rd class app, crazy and mad developers updating app unnecessarily in ever few days. I use other brokers also but they have better app and also they don't give updates like hell like this stupid app. I will definitely change and delete my account with this broker and will use another one. don't deserve even 1 star 0 star for groww",Unthemed
Play Store,2026-08-22,2026-W34,4,,"nice experience with this app very nice app, very smooth to use,very fast processing.orders so fast process.",Orders & Investing
Play Store,2026-08-21,2026-W34,1,,main kahana chahta hun isase bada app kabhi bhi aapane dekha nahin hoga kyunki iska support system jo hai na bahut hota Hai aur yah Jo aapka app hai na yah aapko badhiya se kuchh samajh mein samajhne ke liye bhi nahin hoga kyunki yah app Apne Marji se chalta hai aapko koi bhi download nahin Karega,"Charges, Statements & Support"
Play Store,2026-08-21,2026-W34,1,,"Worst ever experience, you guys are thieves i mistakenly chose the MF prime plan, now I can't revert back to Classic plan. no OTP is coming, either in sms or mail",Onboarding & KYC
Play Store,2026-08-21,2026-W34,5,,Good app for trading and investment,Orders & Investing
Play Store,2026-08-21,2026-W34,1,,"Very worst app, i joined via Attapoll app. This app devoloper offered joining reward, but they did not credited promised reward. I submitted proof in Adscend Media form. They said me Groww team not approved your reward. it's mean Groww team is cheated me. Really disappointed, very very shame on you Groww team.",Payments & Withdrawals
Play Store,2026-08-21,2026-W34,1,,It's froud aps u can't fund transfer to other bank SBI security is best aps.....,Payments & Withdrawals
Play Store,2026-08-21,2026-W34,5,,Good 👍,Unthemed
Play Store,2026-08-20,2026-W34,1,,[name] bring to your attention a technical issue [name] chart pricing on your platform. legging chart note fast app very slow uploading chart [name] Wi-Fi jio wifi and airtel WiFi but your chart is very slow loading,App Performance & UX
Play Store,2026-08-20,2026-W34,1,,"Enable Login Otp option - via Email also @ not only via mobile otp . Most sims ( networks) are not allowing otp if recharge expired and we are forced to recharge - and such times we are facing problem to login to groww on new devices. Other Apps like Dhann, Upstox etc providing both Mobile + Gmail Login otps too. Only Groww is troubling without any customer friendly improvement. If this continues - will close all groww accounts. #Enable_Emailid_Login_Otp's_On_Groww read again",Onboarding & KYC
Play Store,2026-08-20,2026-W34,4,,is forex trading available on Groww? I tried for Dow but it's asking me to login again through email/google. Is this how it was intended to be?,Onboarding & KYC
Play Store,2026-08-20,2026-W34,5,,I was a newbie in share market groww helped to open demat account in minutes. user experience is such a great even for new user.,Onboarding & KYC
Play Store,2026-08-20,2026-W34,1,,"useless app. web portal and customer care sont access the same database. new user onboarding experience is pathetic. even after successful kyc completion, their systems don't reflect what was done on website. a platform that can't even handle new customer onboarding right, not sure has the capability to handle trading and financial transactions right",Onboarding & KYC
Play Store,2026-08-20,2026-W34,5,,"hmm good platform to invest in and it's interface is easy to use,",Orders & Investing
Play Store,2026-08-20,2026-W34,4,,best app for withdrawal and fast process 👍🏻,Payments & Withdrawals
Play Store,2026-08-19,2026-W34,1,,"Dear groww, Worst app always i have profit for 2500 but app was automatically refreshing get stuck my loss happen due to groww app I want to raise complain groww",App Performance & UX
Play Store,2026-08-19,2026-W34,5,,good apps and very helpful.,Unthemed
Play Store,2026-08-19,2026-W34,5,,great,Unthemed
Play Store,2026-08-18,2026-W34,5,,"Easy for beginners , good ui , very responsive great experience",App Performance & UX
Play Store,2026-08-17,2026-W34,2,,app me multi account login krne par switch account work nhi kr rha hai.,Onboarding & KYC
Play Store,2026-08-17,2026-W34,1,,please please delite the groww app and delete your account withdrawal problems please delite the application,Payments & Withdrawals
Play Store,2026-08-17,2026-W34,1,,bekar bekar Hai third grade sale scammer Hai sabke sab ismein koi bhi apna Paisa invest mat karna,Payments & Withdrawals
Play Store,2026-08-17,2026-W34,2,,super,Unthemed
Play Store,2026-08-16,2026-W33,1,,"kyc process takes longer than usual time, now sent closure request before 2days,again on waiting, no reply of msg,mail and when call, IVR keeps you on waiting and after5 minutes call ends,and also no follow up for my request from their side, i just UNINSTALLED the APP, worst experience...",Onboarding & KYC
Play Store,2026-08-16,2026-W33,1,,this app is useless I invest in sip money debited but but didn't allotted and money is also not refund and when I call customer care they didn't pick the phone don't invest in this fake app .,Payments & Withdrawals
Play Store,2026-08-16,2026-W33,1,,"Many important changes reqired, User friendly not there. , There should be add and remove settings for the Option Greeks as per user desides set on the page and also which is occupied full of space and data is not updated in time that shows same numbers always Another PCR value must be visible on the upside of the each page each sector. Speed needs to be improve lot. Data not updating time to time. Most of the time Change in OI stucks with sams data for long time. etc, etc,.",Unthemed
Play Store,2026-08-15,2026-W33,1,,selfie verification while login is not possible when u logging again and again it should be removed,Onboarding & KYC
Play Store,2026-08-15,2026-W33,5,,I would love to have a demat account,Onboarding & KYC
Play Store,2026-08-14,2026-W33,1,,"Brokrage high , worst application. Don't use this application.",App Performance & UX
Play Store,2026-08-13,2026-W33,1,,Groww Investor App Review [name] my experience with the Groww Investor app. Charges were deducted from my account without clear information or proper notification beforehand. Customers should be clearly informed about any charges before they are applied. Groww should make all charges transparent and provide proper notifications to customers. I request the company to review this issue and improve its communication about fees and charges.,"Charges, Statements & Support"
Play Store,2026-08-13,2026-W33,1,,when I open my acct I see a kyc page I try to complete it. it only shows try again,Onboarding & KYC
Play Store,2026-08-13,2026-W33,4,,best quality app on share market,Orders & Investing
Play Store,2026-08-13,2026-W33,1,,unable to add money on groww,Payments & Withdrawals
Play Store,2026-08-13,2026-W33,1,,I'm unable to pay/approve UPI mandate. worst experience,Payments & Withdrawals
Play Store,2026-08-12,2026-W33,1,,unable to login. after allowing permission it's taking ages but not moving to next page,Onboarding & KYC
Play Store,2026-08-12,2026-W33,4,,can you add Sort By category under dashboard of mutual fund bottom nav menu. it would help to undersand the investors how different funds of same category is currently performing.,Orders & Investing
Play Store,2026-08-11,2026-W33,3,,app is lagging whenever there is expiry loading becomes difficult,App Performance & UX
Play Store,2026-08-11,2026-W33,1,,"The Groww app service is not working properly. Data is not loading in the app, and nothing is displayed on the screen, even though my internet is working perfectly with full speed. Please resolve this issue as soon as possible.",App Performance & UX
Play Store,2026-08-11,2026-W33,4,,"Very Good app. most features we need is all inbuilt. Only thing I found is little lag. most notifications are delayed. From opening bell to my watchlist stocks performance notifications. Whenever it touches all time high or low notifications are coming only after 15 minutes. The new update with technical section is too good. new feature ""your top movers"" is too good",App Performance & UX
Play Store,2026-08-11,2026-W33,1,,I have perfect network but still not loading,App Performance & UX
Play Store,2026-08-11,2026-W33,1,,app not working please support,App Performance & UX
Play Store,2026-08-11,2026-W33,1,,worst application just buffering how to take trade 😡,App Performance & UX
Play Store,2026-08-11,2026-W33,1,,Poor Service By Groww Agent Riya Poor Customer Service,"Charges, Statements & Support"
Play Store,2026-08-11,2026-W33,1,,very poor call support,"Charges, Statements & Support"
Play Store,2026-08-10,2026-W33,3,,currently from last 10 days . Apk not working smoothly sometimes it stuck and flash message wait or close apk not responding,App Performance & UX
Play Store,2026-08-10,2026-W33,5,,user interface is fantastic ✨,App Performance & UX
Play Store,2026-08-10,2026-W33,4,,great support,"Charges, Statements & Support"
Play Store,2026-08-10,2026-W33,1,,don't know why they removed my refer and earn option without reason and I tried to contact customer service yet there is no response from their side very disappointing it is,"Charges, Statements & Support"
Play Store,2026-08-10,2026-W33,1,,my pan card number as been taken in one account to open old account give option to open with pan card number to open old account,Onboarding & KYC
Play Store,2026-08-10,2026-W33,1,,"fraud app, my sip is not processed since over a month now. more than a month now your team unable to help, providing dumb solutions which dont even exist to waste my time. your company cant get on sip processed since 24 june neither giving my money back. updating this review today i.e. 10th august",Payments & Withdrawals
Play Store,2026-08-09,2026-W32,5,,"App and it's features are amazing. The only thing missing is other brokers allow to clone app like angel one, zerodha benefit is one doesn't have to log out and log in everytime.I request you to plz allow clone of groww app so one track investment and trading without multiple log in and log out",Onboarding & KYC
Play Store,2026-08-09,2026-W32,5,,It helps me in disciplined investment without any hesitation.,Orders & Investing
Play Store,2026-08-09,2026-W32,5,,amazing,Unthemed
Play Store,2026-08-08,2026-W32,3,,"I found the Groww app great to use—I've been using it for about three and a half years—but I've run into a problem with adding funds: I can't add more than ₹20,000 per day.",Payments & Withdrawals
Play Store,2026-08-07,2026-W32,5,,The application interface is very intuitive and great. Try increasing font size though. Also can you please make it easier to switch between two demat accounts without having to logout and then entering credentials manually each time if email account is other than gmail ?,Onboarding & KYC
Play Store,2026-08-07,2026-W32,5,,so simple that any rookie can start investing,Orders & Investing
Play Store,2026-08-07,2026-W32,5,,Withdrawal problem,Payments & Withdrawals
Play Store,2026-08-07,2026-W32,1,,Upi request already approved but status not updated in App poor service app lot's of bug,Payments & Withdrawals
Play Store,2026-08-06,2026-W32,1,,no costumer support I have called more than 10 times but no reply from their side 😞😞,"Charges, Statements & Support"
Play Store,2026-08-06,2026-W32,1,,Bahut charge cut karta hai .chor company hai itna charge leta hai.abe groww company tera jyada ghamand ho gya kya kai company scalping ke liye suvidha de rha hai application me or tera koi suvidha nhi hai website pe .trade karte hai to screen par dhan jaisa p/L dikhta nhi na target set hota hai.2 salo se me tera application use kar rha hn ab lagta hai chorna padega .,"Charges, Statements & Support"
Play Store,2026-08-06,2026-W32,4,,Plz compare yourself with zerodha. Zerodha doesn't charge On equity. And your charges are slightly high.,"Charges, Statements & Support"
Play Store,2026-08-06,2026-W32,1,,import of external funds not working properly. it's pop-up to mfcentral and sends an OTP option then no otp will be received at the registered mobile. kindly look into issue,Onboarding & KYC
Play Store,2026-08-06,2026-W32,5,,"Nice App, speed is much better than other trading apps 👍",Orders & Investing
Play Store,2026-08-05,2026-W32,1,,Groww is becoming the worst day by day. My hdfc dividend did not come in the bank and my bond payment did not come. The support team is not always answering. I've been using groww for a long time but now it's performing worst day by day and increasing its charges. Zerodha is better option,"Charges, Statements & Support"
Play Store,2026-08-05,2026-W32,5,,after update and connecting to my pc. i can't find scalper mode in my phone app. please solve this or i permanently close my demat account from groww,Onboarding & KYC
Play Store,2026-08-05,2026-W32,5,,"Excellent tool. To add, for a first time investor in the stock market this tool is very simple to understand, gives a lot of metrics to make decisions as well as post purchase real time tracking is definitely well designed. Hope to see an expansion to purchasing more into the international market, and not having to sign up for other tools outside GROWW. this should be a one stop shop for all markets.",Onboarding & KYC
Play Store,2026-08-05,2026-W32,1,,this app is literally fake app I was deposited 500 rupees and now I want to withdraw but my withdrawal money showing zero,Payments & Withdrawals
Play Store,2026-08-04,2026-W32,5,,new Update,App Performance & UX
Play Store,2026-08-04,2026-W32,5,,"Nice for investing in mutual fund ,stock market etc.",Orders & Investing
Play Store,2026-08-04,2026-W32,5,,gatan 4,Unthemed
Play Store,2026-08-04,2026-W32,5,,good and easy to use,Unthemed
Play Store,2026-08-04,2026-W32,5,,weary good,Unthemed
Play Store,2026-08-04,2026-W32,5,,actually when compared to other apps grow is user friendly and literally superb I love this one..thank u grow,Unthemed
Play Store,2026-08-03,2026-W32,1,,earlier it had icon to load multiple charts on single screen which is missing now layout to split screen for various indices chart it had become pathetic after updates my older phones has layout icon but the recent does not no customer support,App Performance & UX
Play Store,2026-08-03,2026-W32,5,,"Now after these many years, and some disappointment in the early stages, I can say that Groww has improved a lot and has been really really great at judging what users need. Good work. Now if possible roll out some program where people can choose a different brokerage plan rather than this flat brokerage system so that higher volume and frequency traders get some advantage.","Charges, Statements & Support"
Play Store,2026-08-03,2026-W32,1,,charges too much,"Charges, Statements & Support"
Play Store,2026-08-03,2026-W32,5,,It's a perfect app for biggeners. absolutely fine. the app provide you everything. the payment is very easy and secure,Payments & Withdrawals
Play Store,2026-08-03,2026-W32,4,,A good app has a good interface for beginners.Better feeling using upi and money receiving.Thank you for your valuable system maintenance Yogeshwara m p,Payments & Withdrawals
Play Store,2026-08-03,2026-W32,3,,ADD SWP OPTION. AND GIVE OPTION OF TRANSFER MUTUAL FUNDS TO OUR CHILDREN.,Payments & Withdrawals
Play Store,2026-08-02,2026-W31,5,,Good Application for trading,Orders & Investing
Play Store,2026-08-02,2026-W31,5,,very good best experience,Unthemed
Play Store,2026-08-01,2026-W31,5,,Best Application for investors Easy Ui and it improving after every Update,App Performance & UX
Play Store,2026-08-01,2026-W31,1,,"Their customer support bhogash,They are very poor, if you put SL on them, Even if it doesn't go to the market, their SL will be a hit.I'm talking to the owner of Grow. I'll give you a good job with good income. Why are you wasting money?","Charges, Statements & Support"
Play Store,2026-08-01,2026-W31,5,,its gave investment msg before kyc complate,Onboarding & KYC
Play Store,2026-08-01,2026-W31,3,,Worst experience...... Couldn't start trading as my KYC was not verified by the Groww team even after 5weeks from opening the account and despite of all the necessary documents...... helpline is also useless.....at the end they sent an account freezed email.......no senior officel contact me,Onboarding & KYC
Play Store,2026-08-01,2026-W31,5,,very nice app 👍🏻,Unthemed
Play Store,2026-07-31,2026-W31,5,,"very easy to use I most like new features for tax file that is excellent for investor's, trader's, no hassle for tax payments.","Charges, Statements & Support"
Play Store,2026-07-31,2026-W31,1,,"useless app, very difficult too analyze stocks. Also my Demat account could not be added too Income tax portal. Your helpline always remains busy, it seems yo have no champions, always sleeping, no remedy. I feel trapped in your app, no solutions yet. Two factor authentication is not in your app, different app...",Onboarding & KYC
Play Store,2026-07-31,2026-W31,1,,app open krte h to password dalte be apne aap back ho raha h fix kro es ko,Onboarding & KYC
Play Store,2026-07-31,2026-W31,2,,There KYC process is bad let me share my recent experience I requested them to add last name in my groww account I have provided all the supporting documents to them which I provided in all my banks and other investment companies and they have accepted it and added my last name in their records but in groww case they ask me extra documents publish ad in newspapers or gazette I provided them news paper ad now they are required merriage certificate and gazette also see their hypocrisy,Onboarding & KYC
Play Store,2026-07-31,2026-W31,5,,good for sip,Orders & Investing
Play Store,2026-07-31,2026-W31,5,,This App Really Good But The Main Problem is Brokrage If You Think That You Profit Can Solve The Problem So You Are Very Wrong Please Keep Yur Mind Calm And Think You Manage App Thats Really Charge High Brokrage,Orders & Investing
Play Store,2026-07-30,2026-W31,5,,Good app,Unthemed
Play Store,2026-07-29,2026-W31,5,,the app and the ui is absolutely good and the friendly help me to short and easy to handle but some concerns here sometime ui feel little bit lagy and slow to update price and chart overall I rate this 9.3 / 10,App Performance & UX
Play Store,2026-07-29,2026-W31,1,,"Very disappointing experience. Some brokers asked for my Groww login password, saying they would manage my account and show profits. I trusted them and shared my credentials, after which I suffered losses of around ₹7 lakh. I request Groww to investigate the account activity, check whether these people were authorised, and provide a proper explanation. I have evidence and details regarding this issue. Please take this complaint seriously and contact me.",Onboarding & KYC
Play Store,2026-07-29,2026-W31,1,,When I filled the details then groww debited 0.01 inr .[name] 😔😔,Payments & Withdrawals
Play Store,2026-07-28,2026-W31,1,,"They make it unnecessarily hard to transfer and close your demat account. The way they process queries tests your patience. The customer care ends conversation abruptly when it is related to closure. They make it unnecessarily expensive to transfer your holdings, hoping you will give up. Edit: Don't be fooled by their response here. Their respond so slowly, that I get faster response from official complaints with CDSL or SEBI",Onboarding & KYC
Play Store,2026-07-28,2026-W31,1,,panoti app har bar paise jate khali naam ka grow hai asli mai barbad ho jate,Payments & Withdrawals
Play Store,2026-07-28,2026-W31,1,,worst service ever... i placed a redemption order a week ago .. but did not receive any amount,Payments & Withdrawals
Play Store,2026-07-28,2026-W31,1,,"Very disappointing experience. I have been trying to transfer stocks from my Groww account for a long time, but the process is unnecessarily complicated and confusing. Even after completing CDSL Easiest registration and all required steps, the transfer still doesn't work smoothly. In contrast, Angel One offers a simple in-app stock transfer process. Groww should improve this feature and provide a more user-friendly experience.",Payments & Withdrawals
Play Store,2026-07-27,2026-W31,5,,this app payment investment good,Payments & Withdrawals
Play Store,2026-07-26,2026-W30,5,,Friendly use. but their brokerage high.,"Charges, Statements & Support"
Play Store,2026-07-26,2026-W30,4,,This Groww app is very beautiful and Indian Stock market no 1 I'm using this app 2022 very helpful app I'm recommendation all people. install your Groww app and Open your free demat account and [name] thank you groww app and all team members.,Onboarding & KYC
Play Store,2026-07-25,2026-W30,4,,good 👍,Unthemed
Play Store,2026-07-25,2026-W30,5,,Excellent,Unthemed
Play Store,2026-07-24,2026-W30,1,,hamesha slow chalta hai fhaltu ka app hai,App Performance & UX
Play Store,2026-07-24,2026-W30,1,,don't trad this app..withdrawal is froude..[name] days withdrawal but not credited in bank acount. It's desipointed ...this broker is froude..don't trade and high brokerage charges .and withdrawal holded. He said my money is froude amound and go to cyber security..I will sent screenshot..[name] ..froud,Payments & Withdrawals
Play Store,2026-07-24,2026-W30,5,,very good 👍,Unthemed
Play Store,2026-07-23,2026-W30,5,,Best for Mutual Fund,Orders & Investing
Play Store,2026-07-23,2026-W30,5,,you can rely on Groww .one of the best platform for investing.,Orders & Investing
Play Store,2026-07-23,2026-W30,1,,Market chart response is slow 😞,Orders & Investing
Play Store,2026-07-23,2026-W30,1,,withdraw money cheater 🙏don't believe this app please please please 🙏 22July ultra tech cement price ₹1500up why show down price 🙏,Payments & Withdrawals
Play Store,2026-07-22,2026-W30,5,,intraday investing option to be removed from main page on stocks,Orders & Investing
Play Store,2026-07-21,2026-W30,5,,good smooth and every month new updates... thnks to grow staff,App Performance & UX
Play Store,2026-07-21,2026-W30,3,,good app but need to see hidden charges,"Charges, Statements & Support"
Play Store,2026-07-21,2026-W30,1,,"very high cost, don't use this app, and customer care service is very poor poor poor","Charges, Statements & Support"
Play Store,2026-07-21,2026-W30,5,,best for investment,Orders & Investing
Play Store,2026-07-21,2026-W30,1,,why upi transaction not valid for statement,Payments & Withdrawals
Play Store,2026-07-21,2026-W30,2,,Voda Paisa jata hai,Payments & Withdrawals
Play Store,2026-07-21,2026-W30,5,,best treding platfrom,Unthemed
Play Store,2026-07-20,2026-W30,1,,sabse beker app hai fake promise karti hai refer krwati hai uska payment nhi karte aap ka promotion karwate hai fake aur sharm kro customer support kam nhi karta ticket rise ke baad bhi farzi aap khe to complain no du,"Charges, Statements & Support"
Play Store,2026-07-20,2026-W30,4,,not zero charge demat account every sell and buy cut tread charges,Onboarding & KYC
Play Store,2026-07-20,2026-W30,1,,I don't know what is wrong with you guys One week you can't solve a simple problem regarding the KYC. Do i have to leave every important and crucial work just to call you and not get any solution.,Onboarding & KYC
Play Store,2026-07-19,2026-W29,5,,"मैं पिछले काफी समय से Groww ऐप का उपयोग कर रहा हूँ और मेरा अनुभव अब तक बहुत अच्छा रहा है। यह ऐप उन लोगों के लिए भी बेहद उपयोगी है जो पहली बार निवेश की शुरुआत करना चाहते हैं और उन लोगों के लिए भी जो पहले से शेयर बाजार या म्यूचुअल फंड में निवेश कर रहे हैं। इसका इंटरफेस बहुत ही साफ, सरल और समझने में आसान है। किसी भी फीचर तक पहुँचना आसान है और निवेश करने की पूरी प्रक्रिया कुछ ही मिनटों में पूरी हो जाती है। Groww के माध्यम से मैंने SIP, म्यूचुअल फंड और शेयरों में निवेश शुरू किया। KYC की प्रक्रिया बहु",Onboarding & KYC
Play Store,2026-07-19,2026-W29,1,,Why nowadays it requires a selfie if [name] my other family member account is OTP is not enough?,Onboarding & KYC
Play Store,2026-07-19,2026-W29,1,,just got update twice within a week.!!! fed up with this update notifications N Make difficult to trade with it.. Will recommend to try out other option if your trading in FnO,Orders & Investing
Play Store,2026-07-18,2026-W29,1,,It's not working,App Performance & UX
Play Store,2026-07-18,2026-W29,5,,"question? is there an option where funds transferred to groww can be used for daily transactions travel, food, etc.. and get interests as well... I just saw an app called curie app which has this . can you tell me?",Payments & Withdrawals
Play Store,2026-07-17,2026-W29,1,,vahiyat kism ka aap h bar bar lag krta h 2sale se uske kr rah hu but ye thik nahi hua Aaj tak final me jja isko log out kr raha hua hamesa ke liye ...,App Performance & UX
Play Store,2026-07-17,2026-W29,2,,they charge very high brokerage on dilivery shares nd very high other charges dp or intra day,"Charges, Statements & Support"
Play Store,2026-07-17,2026-W29,5,,grow jis speed or consistency ke sath apne ap ko upgrade kar raha sayad ek din aisa ayega ki bina kisi add ya extra effort ke hi apne sare competitors ko samapt kar dega i love grow at every segment of trading 💖,Orders & Investing
Play Store,2026-07-16,2026-W29,1,,There is no customer support really very worst,"Charges, Statements & Support"
Play Store,2026-07-16,2026-W29,1,,"No support at all... worst support services, better to go for old and established platform, got reply like wait for few days.... Don't be shy on playstore,i already contacted your customer service but no response, worst service, don't go for this platform,go for old established platform though they take charge...","Charges, Statements & Support"
Play Store,2026-07-16,2026-W29,1,,आसान इंटरफेस है लेकिन High Brokerage charges.hai stoxcard app best 👌 है,"Charges, Statements & Support"
Play Store,2026-07-16,2026-W29,1,,apply ipo madrate request take too much time and not showing in groww,Orders & Investing
Play Store,2026-07-16,2026-W29,1,,this trading side is more badd. this side is very dengar. this app is gold digger. a blady app.,Orders & Investing
Play Store,2026-07-16,2026-W29,1,,"Pathetic, [name] withdraw my money from last 1 week ,raised my complaint also,then also no resolution till date",Payments & Withdrawals
Play Store,2026-07-16,2026-W29,4,,withdraw,Payments & Withdrawals
Play Store,2026-07-15,2026-W29,5,,very good trading app,Orders & Investing
Play Store,2026-07-15,2026-W29,3,,It's overall function is not good as others. withwral of some M.fund taking so much time to credit into the bank account. recently i faced in Nippon India Taiwan Fund process.,Payments & Withdrawals
Play Store,2026-07-14,2026-W29,4,,Widget stopped working after update I guess.,App Performance & UX
Play Store,2026-07-14,2026-W29,5,,"after app updation, [name] see Cart during MF buy & not receiving OTP through sms only receiving OTP through email. pl check.",Onboarding & KYC
Play Store,2026-07-14,2026-W29,5,,Simple & Easy Investing & trading.,Orders & Investing
Play Store,2026-07-13,2026-W29,1,,Very inconvenient. Adding nominee is mandatory (even when it is not mandatory anywhere else in the India). AND I have to pay ₹50 to just change my account email address! Worst app I've ever invested my time and energy into. Useless. I'm closing my account with them will never reuse.,App Performance & UX
Play Store,2026-07-13,2026-W29,1,,"worst app. Totally fake app. Do not install. I added 2 leads and completed both leads with full procedure but no leads approve for payment. Fake customer support. As I shared my review on google play store so that no other one mislead with this app, I received a call from developer for remove my review from play store but not getting any resolution from developer. So [name] app, Don't waste your time and energy for doing task because there is no payment procedure in this app.","Charges, Statements & Support"
Play Store,2026-07-13,2026-W29,5,,Good service and best support,"Charges, Statements & Support"
Play Store,2026-07-13,2026-W29,5,,This platform very easy to use for investment in individual and mutual funds so I suggested to you for achieving a great revenue use it and invested your money for safely groww.,Orders & Investing
Play Store,2026-07-13,2026-W29,5,,good app and fast cash withdrawal,Payments & Withdrawals
Play Store,2026-07-13,2026-W29,5,,"मेरे लिए बेस्ट है i love this application, trust and easy to use। thank you",Unthemed
Play Store,2026-07-13,2026-W29,4,,I hate how it shows financials now before it was better and simple,Unthemed
Play Store,2026-07-13,2026-W29,5,,Nice,Unthemed
Play Store,2026-07-13,2026-W29,5,,grow is up to the mark,Unthemed
Play Store,2026-07-12,2026-W28,1,,worst customer service,"Charges, Statements & Support"
Play Store,2026-07-11,2026-W28,5,,"App is very user friendly. 1---In alarm please add rsi level too. suppose when rsi(100) hit 50 then notify me, many user trade with rsi . 2--- and INDICATOR such as horizontal and trend line also work on rsi in Android phone. currently indicator is not working on rsi in Android phone.",App Performance & UX
Play Store,2026-07-10,2026-W28,1,,when time to withdraw shows error. same time if you add many server works smoothly.,App Performance & UX
Play Store,2026-07-10,2026-W28,1,,"Whenever I need to buy a dip...the app crashes. It's happening again and again. I've missed so many good opportunities. What a waste. I've been with you guys since very beginning. At that time you didn't even had license for stock broking. [name] I expect. Now, I'm trying to reinstall but unable to do so. Really not happy with the experience. And now removed my favorite feature. Great...👏",App Performance & UX
Play Store,2026-07-10,2026-W28,1,,your app is good and very easy but brokrage charges is high 😔,"Charges, Statements & Support"
Play Store,2026-07-10,2026-W28,2,,"this app is user friendly and with good interface but since the last few months ,their customer support service has became too bad. There would be no one to help if you have any problem.","Charges, Statements & Support"
Play Store,2026-07-10,2026-W28,1,,evry brokage charge is 20 but add extra charges is too high so plz don't used Grow aap,"Charges, Statements & Support"
Play Store,2026-07-10,2026-W28,1,,"[name] the Service of Groww. We do not have option to talk with any of their representative, though the Phone number is given in the help section. If anyone want to open demat account please check for other apps, who support through phone in case of emergency. I had lost enough due to some system error in Groww App.",Onboarding & KYC
Play Store,2026-07-10,2026-W28,1,,please clear app issue we can't withdraw money if it's very urgent,Payments & Withdrawals
Play Store,2026-07-10,2026-W28,1,,"while retrieve our money, it shows minions ran into error.. if we add money means without internet also you may receive it.. worst experience",Payments & Withdrawals
Play Store,2026-07-10,2026-W28,1,,Worst service ever experienced by you Dalals when I want to average my trade my money has been debited from the account but not added to grow that put me in a loss of 78000 whose gonna pay for it. I have been trying to connect to the coustomer executive team there are not even answering the call. Worst service ever Not gonna use the platform ever in my entire life biggest loss ever I have maded it from a small small amount and by your glitch I LOST EVERYTHING,Payments & Withdrawals
Play Store,2026-07-10,2026-W28,5,,Not able to withdraw money...what wrong today???,Payments & Withdrawals
Play Store,2026-07-10,2026-W28,1,,very bad experience some time withdraw request not working.if incase withdrawal money not reflected.custumer support team not well.instant withdrawal not working.chat support auto disconnected.overall worst experience.,Payments & Withdrawals
Play Store,2026-07-10,2026-W28,1,,"cannot withdraw money, everything is working fine but when comes to withdrawal it's not working that too on Friday, don't know if it deliberately done",Payments & Withdrawals
Play Store,2026-07-10,2026-W28,3,,ammount withdrawal failed,Payments & Withdrawals
Play Store,2026-07-10,2026-W28,4,,good experience,Unthemed
Play Store,2026-07-09,2026-W28,1,,tab version is not much as expected. please improve tab version interface,App Performance & UX
Play Store,2026-07-09,2026-W28,1,,very disturbing [name],Unthemed
Play Store,2026-07-09,2026-W28,5,,good experience better life,Unthemed
Play Store,2026-07-08,2026-W28,5,,Fast Support,"Charges, Statements & Support"
Play Store,2026-07-08,2026-W28,2,,koi grow use n kare ye apna man se demat account chalu kar deta hai bekar bad,Onboarding & KYC
Play Store,2026-07-08,2026-W28,5,,very easy& quickly redeem process,Payments & Withdrawals
Play Store,2026-07-08,2026-W28,5,,ezee use,Unthemed
Play Store,2026-07-07,2026-W28,5,,I can't even login my account why?? Please fix it,Onboarding & KYC
Play Store,2026-07-07,2026-W28,5,,excellent 👌,Unthemed
Play Store,2026-07-06,2026-W28,4,,it laga and is a bit slow,App Performance & UX
Play Store,2026-07-06,2026-W28,2,,how to disable fingerprint login in groww app,Onboarding & KYC
Play Store,2026-07-06,2026-W28,5,,mujhe yeah acha laga kyuki esmain instant order or instant withdrawal milta hai jo bhut hi batter fill karwata hai or sath hi 915 by groww ka essay bhi acah hai,Payments & Withdrawals
Play Store,2026-07-06,2026-W28,5,,Excellent job,Unthemed
Play Store,2026-07-06,2026-W28,5,,nice,Unthemed
Play Store,2026-07-05,2026-W27,1,,facing a lot of problem while logging in to the aap.. Account verification got failed after many correct try..when I filled my all details correctly then while sending rs.1 in my account the the verification got failed ....Really much disappointing 🙂,Onboarding & KYC
Play Store,2026-07-05,2026-W27,5,,good to invest money,Orders & Investing
Play Store,2026-07-04,2026-W27,5,,very nice performance great groww,Unthemed
Play Store,2026-07-03,2026-W27,3,,"unable to login. the web interface is good, app stopped working, uninstalled and reinstalled but now can't login.",Onboarding & KYC
Play Store,2026-07-03,2026-W27,1,,"This App is a Scam specially when you buy positions using MTF. They will square off your position even when wallet balance is positive, they will put your balance into Negative without any reason. They squared off my position for which i paid 100 % as hair cut keeps changing but after squaring off my position they put my wallet into Negative which was positive earlier then where did the money go after squaring off positions. Indmoney is a far better app than this they never do such things.",Orders & Investing
Play Store,2026-07-03,2026-W27,5,,very good 👍😊,Unthemed
Play Store,2026-07-02,2026-W27,1,,new update which changed the simplicity of financial earnings of stocks is poor. The previous version was good for an mobile app. You are trying to make fancy stuffs by giving too much information which is not needed by daily customer. Bad experience with new updates,App Performance & UX
Play Store,2026-07-02,2026-W27,1,,app charges high,"Charges, Statements & Support"
Play Store,2026-07-02,2026-W27,5,,"⭐⭐⭐⭐⭐ Groww is an excellent investment app with a clean and user-friendly interface. Investing in mutual funds, stocks, and other financial products is simple, fast, and secure. The app is easy to understand, even for beginners, and offers a smooth investing experience. Highly recommended for anyone who wants to start and grow their investment journey!",Orders & Investing
Play Store,2026-07-01,2026-W27,1,,worst app really don't buy stocks in MTF for intrady or for swing trade try other app brokerage charges are high really worst app,App Performance & UX
Play Store,2026-07-01,2026-W27,1,,worst app for investment this groww app not deleting my demart account permanently....,App Performance & UX
Play Store,2026-07-01,2026-W27,1,,very bad anniversary charge le ta hai bhai Meri Mano na to Koi bhi mat Karna koi matlab Koi profit nahin kuch lena nhi h Lena Dena kuchh nahin Hai faltu bhi charge Kat lenge,"Charges, Statements & Support"
Play Store,2026-07-01,2026-W27,5,,vary good,Unthemed
Play Store,2026-07-01,2026-W27,5,,Good,Unthemed
Play Store,2026-06-30,2026-W27,1,,Don't install this ap...So many bugs..due to Grow app bugs I have lost 20k...Platform fee is also so high...they are. looting us...Go for some other Trading platform...Worst ...,App Performance & UX
Play Store,2026-06-30,2026-W27,1,,please don't open account with grow [name] Bank account issue and not any one help me so please don't open account with grow,Onboarding & KYC
Play Store,2026-06-30,2026-W27,1,,[name] app I have ever been used when I buy in fno it will decrease money while I sell price take high I have proof,Orders & Investing
Play Store,2026-06-30,2026-W27,5,,good for work but margin problem 😔😁,Orders & Investing
Play Store,2026-06-30,2026-W27,5,,smooth and very understanding 😉 the only bad thing is I don't have any money to invest 😭😭😭😭😭,Orders & Investing
Play Store,2026-06-30,2026-W27,5,,"nice and easy platform for new and old treders, for me like a new and learning fase customer is also satisfied, but sometimes facing negative when I withdraw my deposit fund balence, but I can manage it with ease.",Payments & Withdrawals
Play Store,2026-06-29,2026-W27,1,,freeze a lot and often,App Performance & UX
Play Store,2026-06-29,2026-W27,1,,I didn't understand why there is lagging in option buying and even in stock buying. Previously it wasn't like that but a couple of months [name] issue. Whenever I open the app it's starts buffering/lagging. and now 2026 june app update is even more worse.,App Performance & UX
Play Store,2026-06-29,2026-W27,4,,charges are little bit high,"Charges, Statements & Support"
Play Store,2026-06-29,2026-W27,1,,"Grow is a good application, but its Grow Charges, Brokerage Charges, and DP Charges are quite high. These charges are especially burdensome for low-investment and short-term traders. I'm not asking Grow to remove these charges completely, but I suggest reducing them as much as possible. It would greatly benefit investors and traders. [name] suggestion.","Charges, Statements & Support"
Play Store,2026-06-29,2026-W27,1,,groww is using money of public lying with demat offering loans unable to withdraw money it's a fraud company,Payments & Withdrawals
Play Store,2026-06-29,2026-W27,5,,Awesome detailed things on one app..,Unthemed
Play Store,2026-06-28,2026-W26,2,,more charges,"Charges, Statements & Support"
Play Store,2026-06-28,2026-W26,5,,best app for trading,Orders & Investing
Play Store,2026-06-28,2026-W26,4,,"Groww has Modern UI, but it needs lot of accuracy n enhancements, Bonds should not appear as Shares. Search results tab under Mutual Fund should show Mutual funds only. Search Results should display the Latest NAV of Shares/MF",Orders & Investing
Play Store,2026-06-28,2026-W26,5,,best trading,Orders & Investing
